<edmx:Edmx xmlns:edmx="http://docs.oasis-open.org/odata/ns/edmx" Version="4.0">
    <edmx:Reference Uri="https://sap.github.io/odata-vocabularies/vocabularies/Common.xml">
        <edmx:Include Namespace="com.sap.vocabularies.Common.v1" Alias="Common"/>
    </edmx:Reference>
    <edmx:Reference Uri="https://sap.github.io/odata-vocabularies/vocabularies/UI.xml">
        <edmx:Include Namespace="com.sap.vocabularies.UI.v1" Alias="UI"/>
    </edmx:Reference>
    <edmx:Reference Uri="https://sap.github.io/odata-vocabularies/vocabularies/Communication.xml">
        <edmx:Include Namespace="com.sap.vocabularies.Communication.v1" Alias="Communication"/>
    </edmx:Reference>
    <edmx:Reference Uri="/odata/v2/admin/$metadata">
        <edmx:Include Namespace="AdminService"/>
    </edmx:Reference>
    <edmx:DataServices>
        <Schema xmlns="http://docs.oasis-open.org/odata/ns/edm" Namespace="local">
            <Annotations Target="AdminService.Catalogs">
                <Annotation Term="UI.LineItem">
                    <Collection>
                        <Record Type="UI.DataField">
                            <PropertyValue Property="Value" Path="Name"/>
                            <PropertyValue Property="Label" String="Name"/>
                        </Record>
                        <Record Type="UI.DataField">
                            <PropertyValue Property="Value" Path="Category"/>
                            <PropertyValue Property="Label" String="Category"/>
                        </Record>
                        <Record Type="UI.DataField">
                            <PropertyValue Property="Value" Path="Description"/>
                            <PropertyValue Property="Label" String="Description"/>
                        </Record>
                        <Record Type="UI.DataField">
                            <PropertyValue Property="Value" Path="Price"/>
                            <PropertyValue Property="Label" String="Price"/>
                        </Record>
                        <Record Type="UI.DataField">
                            <PropertyValue Property="Value" Path="CurrencyCode"/>
                            <PropertyValue Property="Label" String="Currency"/>
                        </Record>
                    </Collection>
                </Annotation>
                <Annotation Term="UI.SelectionFields">
                    <Collection>
                        <PropertyPath>Name</PropertyPath>
                    </Collection>
                </Annotation>
                <Annotation Term="UI.FieldGroup" Qualifier="General">
                    <Record Type="UI.FieldGroupType">
                        <PropertyValue Property="Data">
                            <Collection>
                                <Record Type="UI.DataField">
                                    <PropertyValue Property="Value" Path="Name"/>
                                    <PropertyValue Property="Label" String="Name"/>
                                    <!-- <PropertyValue Property="Label" Path="Name"/> -->
                                </Record>
                                <Record Type="UI.DataField">
                                    <PropertyValue Property="Value" Path="Category"/>
                                    <PropertyValue Property="Label" String="Category"/>
                                </Record>
                                <Record Type="UI.DataField">
                                    <PropertyValue Property="Value" Path="Description"/>
                                    <PropertyValue Property="Label" String="Description"/>
                                </Record>
                                <Record Type="UI.DataField">
                                    <PropertyValue Property="Value" Path="Price"/>
                                    <PropertyValue Property="Label" String="Price"/>
                                </Record>
                                <Record Type="UI.DataField">
                                    <PropertyValue Property="Value" Path="CurrencyCode"/>
                                    <PropertyValue Property="Label" String="CurrencyCode"/>
                                </Record>
                                <Record Type="UI.DataField">
                                    <PropertyValue Property="Value" Path="SupplierName"/>
                                    <PropertyValue Property="Label" String="SupplierName"/>
                                </Record>
                                <Record Type="UI.DataField">
                                    <PropertyValue Property="Value" Path="WeightMeasure"/>
                                    <PropertyValue Property="Label" String="WeightMeasure"/>
                                </Record>
                                <Record Type="UI.DataField">
                                    <PropertyValue Property="Value" Path="WeightUnit"/>
                                    <PropertyValue Property="Label" String="WeightUnit"/>
                                </Record>
                                <Record Type="UI.DataField">
                                    <PropertyValue Property="Value" Path="Width"/>
                                    <PropertyValue Property="Label" String="Width"/>
                                </Record>
                                <Record Type="UI.DataField">
                                    <PropertyValue Property="Value" Path="Height"/>
                                    <PropertyValue Property="Label" String="Height"/>
                                </Record>
                                <Record Type="UI.DataField">
                                    <PropertyValue Property="Value" Path="DimUnit"/>
                                    <PropertyValue Property="Label" String="DimUnit"/>
                                </Record>
                                <Record Type="UI.DataField">
                                    <PropertyValue Property="Value" Path="MeasureUnit"/>
                                    <PropertyValue Property="Label" String="MeasureUnit"/>
                                </Record>
                                <Record Type="UI.DataField">
                                    <PropertyValue Property="Value" Path="Depth"/>
                                    <PropertyValue Property="Label" String="Depth"/>
                                </Record>
                            </Collection>
                        </PropertyValue>
                        <PropertyValue Property="Label" String="General Info"/>
                    </Record>
                </Annotation>
                <Annotation Term="UI.Facets">
                    <Collection>
                        <Record Type="UI.ReferenceFacet">
                            <PropertyValue Property="Target" AnnotationPath="@UI.FieldGroup#General"/>
                            <PropertyValue Property="Label" String="General"/>
                            <PropertyValue Property="ID" String="General"/>
                        </Record>
                        <Record Type="UI.ReferenceFacet">
                            <PropertyValue Property="Target" AnnotationPath="Orders/@UI.LineItem"/>
                            <PropertyValue Property="Label" String="OrdersByCatalog"/>
                            <PropertyValue Property="ID" String="OrdersByCatalog"/>
                        </Record>
                    </Collection>
                </Annotation>
                <Annotation Term="UI.HeaderInfo">
                    <Record Type="UI.HeaderInfoType">
                        <PropertyValue Property="TypeName" String="Product Info"/>
                        <PropertyValue Property="TypeNamePlural" String="Product List"/>
                        <PropertyValue Property="Title">
                            <Record Type="UI.DataField">
                                <PropertyValue Property="Value" Path="Name"/>
                            </Record>
                        </PropertyValue>
                        <PropertyValue Property="Description">
                            <Record Type="UI.DataField">
                                <PropertyValue Property="Value" Path="Description"/>
                            </Record>
                        </PropertyValue>
                    </Record>
                </Annotation>
            </Annotations>
            <Annotations Target="AdminService.Orders">
                <Annotation Term="UI.LineItem">
                    <Collection>
                        <Record Type="UI.DataField">
                            <PropertyValue Property="Value" Path="Quantity"/>
                            <PropertyValue Property="Label" String="Quantity"/>
                        </Record>
                        <Record Type="UI.DataField">
                            <PropertyValue Property="Value" Path="businessPartner_BusinessPartnerID"/>
                            <PropertyValue Property="Label" String="BPID"/>
                        </Record>
                        <Record Type="UI.DataField">
                            <PropertyValue Property="Value" Path="Note"/>
                            <PropertyValue Property="Label" String="Note"/>
                        </Record>
                        <Record Type="UI.DataField">
                            <PropertyValue Property="Value" Path="product_ProductID"/>
                            <PropertyValue Property="Label" String="ProductID"/>
                        </Record>
                        <Record Type="UI.DataField">
                            <PropertyValue Property="Value" Path="createdAt"/>
                            <PropertyValue Property="Label" String="OrderdAt"/>
                        </Record>
                    </Collection>
                </Annotation>
                <Annotation Term="UI.FieldGroup" Qualifier="General">
                    <Record Type="UI.FieldGroupType">
                        <PropertyValue Property="Data">
                            <Collection>
                                <Record Type="UI.DataField">
                                    <PropertyValue Property="Value" Path="product_ProductID"/>
                                    <PropertyValue Property="Label" String="ProductID"/>
                                </Record>
                                <Record Type="UI.DataField">
                                    <PropertyValue Property="Value" Path="Quantity"/>
                                    <PropertyValue Property="Label" String="Quantity"/>
                                </Record>
                                <Record Type="UI.DataField">
                                    <PropertyValue Property="Value" Path="businessPartner_BusinessPartnerID"/>
                                    <PropertyValue Property="Label" String="BPID"/>
                                </Record>
                                <Record Type="UI.DataField">
                                    <PropertyValue Property="Value" Path="Note"/>
                                    <PropertyValue Property="Label" String="Note"/>
                                </Record>
                            </Collection>
                        </PropertyValue>
                        <PropertyValue Property="Label" String="GeneralOrderInfo"/>
                    </Record>
                </Annotation>
                <Annotation Term="UI.Facets">
                    <Collection>
                        <Record Type="UI.ReferenceFacet">
                            <PropertyValue Property="Target" AnnotationPath="@UI.FieldGroup#General"/>
                            <PropertyValue Property="Label" String="General"/>
                            <PropertyValue Property="ID" String="General"/>
                        </Record>
                    </Collection>
                </Annotation>
                <Annotations Target="AdminService.Orders">
                    <Annotation Term="Capabilities.InsertRestrictions">
                        <Record Type="Capabilities.InsertRestrictionsType">
                            <PropertyValue Property="RequiredProperties">
                                <Collection>
                                    <PropertyPath>Quantity</PropertyPath>
                                    <PropertyPath>Note</PropertyPath>
                                </Collection>
                            </PropertyValue>
                        </Record>
                    </Annotation>
                </Annotations>
            </Annotations>
        </Schema>
    </edmx:DataServices>
</edmx:Edmx>