createdAt;createdBy;modifiedAt;modifiedBy;ID;product_ID;warehouse_ID;Quantity
2024-02-22T18:29:06+0900;createdBy5139;2024-02-22T18:29:06+0900;modifiedBy9575;998bf928-0a4d-46f1-be32-d1b1cba299ae;bcca1ac5-95ba-49e7-b604-e4cf0a95f071;53a6615e-bbac-4037-9917-a44e9a62355e;9345
2024-02-22T18:29:06+0900;createdBy6428;2024-02-22T18:29:06+0900;modifiedBy1171;841bd418-80fe-4591-b151-1a26d54e4535;bcca1ac5-95ba-49e7-b604-e4cf0a95f086;759a39d8-6848-4a26-9b28-06b0b631f98e;613
2024-02-22T18:29:06+0900;createdBy3352;2024-02-22T18:29:06+0900;modifiedBy7771;bae026d9-62f6-4ca9-99c2-9b7a1cf8d093;bcca1ac5-95ba-49e7-b604-e4cf0a95f111;bf480e0d-b4eb-4315-8cb6-145b07635c83;1816
2024-02-22T18:29:06+0900;createdBy3190;2024-02-22T18:29:06+0900;modifiedBy6100;c797262d-1a0b-4946-b96e-d03150091721;bcca1ac5-95ba-49e7-b604-e4cf0a95f031;95c5d10c-86e2-40d2-b10d-a47b1aeb2f69;5247
2024-02-22T18:29:06+0900;createdBy2353;2024-02-22T18:29:06+0900;modifiedBy4294;9723944f-520d-4627-bb2f-5166b2f36155;bcca1ac5-95ba-49e7-b604-e4cf0a95f116;759a39d8-6848-4a26-9b28-06b0b631f98e;7683
2024-02-22T18:29:06+0900;createdBy1175;2024-02-22T18:29:06+0900;modifiedBy2873;92e72bd4-4037-44c6-87d4-a05255669760;bcca1ac5-95ba-49e7-b604-e4cf0a95f086;36ac74bc-edb3-4322-9a3c-0ab517bc9270;6253
2024-02-22T18:29:06+0900;createdBy9681;2024-02-22T18:29:06+0900;modifiedBy4691;2e16d0a1-6ded-4f5b-a243-5c60e9c0c6d0;bcca1ac5-95ba-49e7-b604-e4cf0a95f078;53a6615e-bbac-4037-9917-a44e9a62355e;4796
2024-02-22T18:29:06+0900;createdBy1290;2024-02-22T18:29:06+0900;modifiedBy8536;d3d4e25a-1419-4e1b-8384-0db40a3fabb1;bcca1ac5-95ba-49e7-b604-e4cf0a95f065;1279b256-9832-4979-8207-bb9b2a01b9a2;4854
2024-02-22T18:29:06+0900;createdBy9076;2024-02-22T18:29:06+0900;modifiedBy2831;db1ce245-2d64-44e8-96d5-683b298f4cf0;bcca1ac5-95ba-49e7-b604-e4cf0a95f098;53a6615e-bbac-4037-9917-a44e9a62355e;8123
2024-02-22T18:29:06+0900;createdBy8820;2024-02-22T18:29:06+0900;modifiedBy5262;e7830966-262a-4a6a-a59d-360676fc7541;bcca1ac5-95ba-49e7-b604-e4cf0a95f065;79e5f1c0-59a6-444d-abac-096423adf415;1519
2024-02-22T18:29:06+0900;createdBy5020;2024-02-22T18:29:06+0900;modifiedBy5416;a85e7760-ea40-45d5-90e9-3a8ed48b99fe;bcca1ac5-95ba-49e7-b604-e4cf0a95f040;ca123a1f-7631-40ac-a129-c76099ad7302;4632
2024-02-22T18:29:06+0900;createdBy3220;2024-02-22T18:29:06+0900;modifiedBy2808;2210b211-2b5f-444b-8fa3-2e4d70e56ec1;bcca1ac5-95ba-49e7-b604-e4cf0a95f076;0b4a657c-6757-4e74-9c85-68bbdaa93510;1845
2024-02-22T18:29:06+0900;createdBy5036;2024-02-22T18:29:06+0900;modifiedBy9847;95ad5fc0-a720-42ef-9956-3e65ebe92a10;bcca1ac5-95ba-49e7-b604-e4cf0a95f104;46942e7b-ceaa-4d53-87a3-6c2198ccbb9b;6371
2024-02-22T18:29:06+0900;createdBy724;2024-02-22T18:29:06+0900;modifiedBy275;bc9f0986-d688-4e0e-92f3-e5509d998b59;bcca1ac5-95ba-49e7-b604-e4cf0a95f045;79e5f1c0-59a6-444d-abac-096423adf415;4418
2024-02-22T18:29:06+0900;createdBy5503;2024-02-22T18:29:06+0900;modifiedBy9674;457d7d3c-4345-4d9e-bf4a-19c53d1cc733;bcca1ac5-95ba-49e7-b604-e4cf0a95f089;ca123a1f-7631-40ac-a129-c76099ad7302;9731
2024-02-22T18:29:06+0900;createdBy7442;2024-02-22T18:29:06+0900;modifiedBy1188;65e50e83-448f-4055-a0e7-542a51b2f5cd;bcca1ac5-95ba-49e7-b604-e4cf0a95f004;bf480e0d-b4eb-4315-8cb6-145b07635c83;6170
2024-02-22T18:29:06+0900;createdBy1693;2024-02-22T18:29:06+0900;modifiedBy1526;0c0aa4db-3378-4356-9d57-64e8ce181256;bcca1ac5-95ba-49e7-b604-e4cf0a95f121;b37a009d-837a-4c02-bb5a-12e438c39adc;4794
2024-02-22T18:29:06+0900;createdBy7211;2024-02-22T18:29:06+0900;modifiedBy7867;efde1df4-d469-4baf-b209-e1a525228111;bcca1ac5-95ba-49e7-b604-e4cf0a95f088;59fa0c7d-11f0-4de2-8f39-0de70326ac06;2227
2024-02-22T18:29:06+0900;createdBy6636;2024-02-22T18:29:06+0900;modifiedBy5550;e05b57fa-1286-4f1e-a647-ada7aa750f5d;bcca1ac5-95ba-49e7-b604-e4cf0a95f065;452e3cd3-7a78-43b6-bcd7-db9a34bba006;5770
2024-02-22T18:29:06+0900;createdBy3880;2024-02-22T18:29:06+0900;modifiedBy8116;a3ab81f3-0d6d-48d3-b198-e7432a0a9b26;bcca1ac5-95ba-49e7-b604-e4cf0a95f032;0b4a657c-6757-4e74-9c85-68bbdaa93510;4084
2024-02-22T18:29:06+0900;createdBy1469;2024-02-22T18:29:06+0900;modifiedBy7115;44b98c81-0740-48a0-8253-f7dd8cf27951;bcca1ac5-95ba-49e7-b604-e4cf0a95f029;0c4b4e73-9b5f-459b-b0e6-cf2eba9ed880;7128
2024-02-22T18:29:06+0900;createdBy8628;2024-02-22T18:29:06+0900;modifiedBy3024;73e55400-3db2-4de4-9ced-fb26a62b47bf;bcca1ac5-95ba-49e7-b604-e4cf0a95f076;53a6615e-bbac-4037-9917-a44e9a62355e;8068
2024-02-22T18:29:06+0900;createdBy8002;2024-02-22T18:29:06+0900;modifiedBy2332;64e428e6-f026-40e8-96fd-c9060483d5f8;bcca1ac5-95ba-49e7-b604-e4cf0a95f033;0c4b4e73-9b5f-459b-b0e6-cf2eba9ed880;3569
2024-02-22T18:29:06+0900;createdBy7489;2024-02-22T18:29:06+0900;modifiedBy1332;022bd1ea-2aa9-4709-b63f-0c5ae1682d65;bcca1ac5-95ba-49e7-b604-e4cf0a95f099;95c5d10c-86e2-40d2-b10d-a47b1aeb2f69;8682
2024-02-22T18:29:06+0900;createdBy3161;2024-02-22T18:29:06+0900;modifiedBy5006;d7576ff7-ecf1-4f09-ab47-9cd3a16a27f6;bcca1ac5-95ba-49e7-b604-e4cf0a95f104;452e3cd3-7a78-43b6-bcd7-db9a34bba006;1711
2024-02-22T18:29:06+0900;createdBy4848;2024-02-22T18:29:06+0900;modifiedBy3242;2da54501-5cbf-41cf-9229-532d214e68f7;bcca1ac5-95ba-49e7-b604-e4cf0a95f094;452e3cd3-7a78-43b6-bcd7-db9a34bba006;8440
2024-02-22T18:29:06+0900;createdBy4128;2024-02-22T18:29:06+0900;modifiedBy5479;235e1062-dd05-456f-9e4b-15c888780723;bcca1ac5-95ba-49e7-b604-e4cf0a95f084;e1be8e28-fbef-4548-a2a1-89a5f5243330;1788
2024-02-22T18:29:06+0900;createdBy7911;2024-02-22T18:29:06+0900;modifiedBy515;f551afbf-0175-420a-961a-c4581eb8c47c;bcca1ac5-95ba-49e7-b604-e4cf0a95f093;79e5f1c0-59a6-444d-abac-096423adf415;3285
2024-02-22T18:29:06+0900;createdBy180;2024-02-22T18:29:06+0900;modifiedBy359;dd23a176-23f0-4373-9c15-cbd355044ec4;bcca1ac5-95ba-49e7-b604-e4cf0a95f036;452e3cd3-7a78-43b6-bcd7-db9a34bba006;4796
2024-02-22T18:29:06+0900;createdBy3465;2024-02-22T18:29:06+0900;modifiedBy4036;1dfdc86b-affc-40e0-86cc-f453a32f3248;bcca1ac5-95ba-49e7-b604-e4cf0a95f025;2298abb7-6b31-4cdb-9aab-2cee09e6fb7a;8943
2024-02-22T18:29:06+0900;createdBy3663;2024-02-22T18:29:06+0900;modifiedBy5609;f851865b-8cd6-4ac6-ad9c-4a504c084f05;bcca1ac5-95ba-49e7-b604-e4cf0a95f113;2298abb7-6b31-4cdb-9aab-2cee09e6fb7a;3100
2024-02-22T18:29:06+0900;createdBy6915;2024-02-22T18:29:06+0900;modifiedBy3199;ef2108c6-045b-4232-8aad-df06141483b0;bcca1ac5-95ba-49e7-b604-e4cf0a95f066;985eb1ef-3664-458d-babc-79a95b98eaec;2857
2024-02-22T18:29:06+0900;createdBy4490;2024-02-22T18:29:06+0900;modifiedBy2817;def62916-958c-4290-8f99-c837afb6ee71;bcca1ac5-95ba-49e7-b604-e4cf0a95f110;1c731874-30c7-4b89-ba79-ffd524e2e941;5697
2024-02-22T18:29:06+0900;createdBy3588;2024-02-22T18:29:06+0900;modifiedBy6818;1555d624-eaca-47ce-a1ce-bb9b4d50c335;bcca1ac5-95ba-49e7-b604-e4cf0a95f086;e6692507-d1bf-442f-923f-b2c23b7e2013;8508
2024-02-22T18:29:06+0900;createdBy9307;2024-02-22T18:29:06+0900;modifiedBy729;b020f763-32ff-465d-be5f-718aba976c8b;bcca1ac5-95ba-49e7-b604-e4cf0a95f024;bb37f862-af8b-4b65-bf17-2a5c8e7fea63;166
2024-02-22T18:29:06+0900;createdBy8074;2024-02-22T18:29:06+0900;modifiedBy8304;8f93ebaf-beff-4f54-9b44-a4fcb5fa2e7a;bcca1ac5-95ba-49e7-b604-e4cf0a95f068;e1be8e28-fbef-4548-a2a1-89a5f5243330;8024
2024-02-22T18:29:06+0900;createdBy7349;2024-02-22T18:29:06+0900;modifiedBy2039;08a8345d-76a0-40e9-ab6d-a60882666579;bcca1ac5-95ba-49e7-b604-e4cf0a95f086;452e3cd3-7a78-43b6-bcd7-db9a34bba006;7307
2024-02-22T18:29:06+0900;createdBy9125;2024-02-22T18:29:06+0900;modifiedBy1145;e86fce71-63de-4b2c-9e4e-c3a047f7f9c7;bcca1ac5-95ba-49e7-b604-e4cf0a95f018;1279b256-9832-4979-8207-bb9b2a01b9a2;5510
2024-02-22T18:29:06+0900;createdBy22;2024-02-22T18:29:06+0900;modifiedBy7564;e8f0cf19-de6c-4e2b-8ac7-872083bbd80b;bcca1ac5-95ba-49e7-b604-e4cf0a95f004;452e3cd3-7a78-43b6-bcd7-db9a34bba006;795
2024-02-22T18:29:06+0900;createdBy9773;2024-02-22T18:29:06+0900;modifiedBy3677;44d6403c-6666-4d5e-8f5e-4e943fe81d95;bcca1ac5-95ba-49e7-b604-e4cf0a95f020;361f9b71-da78-4e1c-8c33-69c2f8bb4819;3801
2024-02-22T18:29:06+0900;createdBy4032;2024-02-22T18:29:06+0900;modifiedBy7162;895cfab6-cd28-4f8a-a1c5-8c4643d5835e;bcca1ac5-95ba-49e7-b604-e4cf0a95f080;0b4a657c-6757-4e74-9c85-68bbdaa93510;3583
2024-02-22T18:29:06+0900;createdBy142;2024-02-22T18:29:06+0900;modifiedBy7274;fbe3f934-7fdd-4979-9080-f952df44796a;bcca1ac5-95ba-49e7-b604-e4cf0a95f095;17d562a6-9460-41ac-8316-ef53f8774edc;3395
2024-02-22T18:29:06+0900;createdBy9949;2024-02-22T18:29:06+0900;modifiedBy9113;a47a2f88-e83c-4d2d-a7a8-d27299479526;bcca1ac5-95ba-49e7-b604-e4cf0a95f084;2298abb7-6b31-4cdb-9aab-2cee09e6fb7a;5989
2024-02-22T18:29:06+0900;createdBy5743;2024-02-22T18:29:06+0900;modifiedBy3603;6667eda1-24b6-4d33-85b1-138777697503;bcca1ac5-95ba-49e7-b604-e4cf0a95f016;21ea4ee1-e19d-4fdb-baf6-251f5d98f983;5976
2024-02-22T18:29:06+0900;createdBy9138;2024-02-22T18:29:06+0900;modifiedBy9688;7d652849-4b90-42cf-b8f0-2d60c522081b;bcca1ac5-95ba-49e7-b604-e4cf0a95f072;a2d6ccbb-689c-435c-9106-184354af2206;8667
2024-02-22T18:29:06+0900;createdBy3094;2024-02-22T18:29:06+0900;modifiedBy2487;d2631f12-9f17-481e-bb5f-e55cd37341d1;bcca1ac5-95ba-49e7-b604-e4cf0a95f030;985eb1ef-3664-458d-babc-79a95b98eaec;5826
2024-02-22T18:29:06+0900;createdBy776;2024-02-22T18:29:06+0900;modifiedBy5835;024470ef-05f3-4ab9-9edd-db0aa6da16e4;bcca1ac5-95ba-49e7-b604-e4cf0a95f019;e1be8e28-fbef-4548-a2a1-89a5f5243330;4145
2024-02-22T18:29:06+0900;createdBy4964;2024-02-22T18:29:06+0900;modifiedBy7166;ce29d4ce-a4dd-4d51-bf58-a7ad648d5024;bcca1ac5-95ba-49e7-b604-e4cf0a95f034;452e3cd3-7a78-43b6-bcd7-db9a34bba006;4500
2024-02-22T18:29:06+0900;createdBy6805;2024-02-22T18:29:06+0900;modifiedBy9253;93b8b023-5a23-49b2-8db9-8e9e4bb43807;bcca1ac5-95ba-49e7-b604-e4cf0a95f022;1279b256-9832-4979-8207-bb9b2a01b9a2;6483
2024-02-22T18:29:06+0900;createdBy6998;2024-02-22T18:29:06+0900;modifiedBy5292;2e8a17fa-1c54-4963-ab8c-257c494453a2;bcca1ac5-95ba-49e7-b604-e4cf0a95f025;361f9b71-da78-4e1c-8c33-69c2f8bb4819;2345
2024-02-22T18:29:06+0900;createdBy3020;2024-02-22T18:29:06+0900;modifiedBy4844;27b28864-ca3a-44cf-86bb-d4538be7278a;bcca1ac5-95ba-49e7-b604-e4cf0a95f096;79e5f1c0-59a6-444d-abac-096423adf415;7525
2024-02-22T18:29:06+0900;createdBy4332;2024-02-22T18:29:06+0900;modifiedBy1891;709406bf-6078-4d3e-8dcf-a01b45524fc1;bcca1ac5-95ba-49e7-b604-e4cf0a95f112;17d562a6-9460-41ac-8316-ef53f8774edc;9646
2024-02-22T18:29:06+0900;createdBy5345;2024-02-22T18:29:06+0900;modifiedBy6962;7acbb7bd-ddf1-42ff-9006-fa4c15645806;bcca1ac5-95ba-49e7-b604-e4cf0a95f060;ca123a1f-7631-40ac-a129-c76099ad7302;8774
2024-02-22T18:29:06+0900;createdBy8824;2024-02-22T18:29:06+0900;modifiedBy4565;ddaea8d6-1456-45ba-bd68-3b631bf7dac6;bcca1ac5-95ba-49e7-b604-e4cf0a95f010;95c5d10c-86e2-40d2-b10d-a47b1aeb2f69;4368
2024-02-22T18:29:06+0900;createdBy8281;2024-02-22T18:29:06+0900;modifiedBy9278;6715f9f1-4bc6-4b61-be56-049e2fc7d0fc;bcca1ac5-95ba-49e7-b604-e4cf0a95f084;45cc8ee2-ed77-4a80-9e43-fdca3431a884;9506
2024-02-22T18:29:06+0900;createdBy1675;2024-02-22T18:29:06+0900;modifiedBy6881;9ab0f038-f6f0-468e-bdef-61cabc84c3e9;bcca1ac5-95ba-49e7-b604-e4cf0a95f069;17d562a6-9460-41ac-8316-ef53f8774edc;8003
2024-02-22T18:29:06+0900;createdBy2848;2024-02-22T18:29:06+0900;modifiedBy9306;16bfb1af-ebb0-42da-a1d6-00a52d05d170;bcca1ac5-95ba-49e7-b604-e4cf0a95f000;53a6615e-bbac-4037-9917-a44e9a62355e;7049
2024-02-22T18:29:06+0900;createdBy6851;2024-02-22T18:29:06+0900;modifiedBy3693;efc07cad-5be2-49b8-b2fe-ae0d78e23150;bcca1ac5-95ba-49e7-b604-e4cf0a95f106;0b4a657c-6757-4e74-9c85-68bbdaa93510;6341
2024-02-22T18:29:06+0900;createdBy4168;2024-02-22T18:29:06+0900;modifiedBy1705;1f56419a-5974-45d0-83df-a1eb4ff7e1c7;bcca1ac5-95ba-49e7-b604-e4cf0a95f064;cd576e48-2041-44cd-a564-032b5fc86407;2427
2024-02-22T18:29:06+0900;createdBy2473;2024-02-22T18:29:06+0900;modifiedBy6960;52f73de0-ec22-4ae5-b2d9-1593260a9278;bcca1ac5-95ba-49e7-b604-e4cf0a95f009;ca123a1f-7631-40ac-a129-c76099ad7302;9688
2024-02-22T18:29:06+0900;createdBy9273;2024-02-22T18:29:06+0900;modifiedBy8985;75910964-bc7c-4b72-b484-53cb3a0993a1;bcca1ac5-95ba-49e7-b604-e4cf0a95f040;79e5f1c0-59a6-444d-abac-096423adf415;3806
2024-02-22T18:29:06+0900;createdBy7638;2024-02-22T18:29:06+0900;modifiedBy9673;0da06d48-1b5f-4bdb-be23-7dadc471c483;bcca1ac5-95ba-49e7-b604-e4cf0a95f094;759a39d8-6848-4a26-9b28-06b0b631f98e;4128
2024-02-22T18:29:06+0900;createdBy1382;2024-02-22T18:29:06+0900;modifiedBy4807;18b7046c-9a23-434d-87c7-4bb74d1b39ad;bcca1ac5-95ba-49e7-b604-e4cf0a95f084;759a39d8-6848-4a26-9b28-06b0b631f98e;953
2024-02-22T18:29:06+0900;createdBy9908;2024-02-22T18:29:06+0900;modifiedBy1600;ba8125dd-e224-47fa-a733-8491fb3e5c47;bcca1ac5-95ba-49e7-b604-e4cf0a95f090;452e3cd3-7a78-43b6-bcd7-db9a34bba006;4558
2024-02-22T18:29:06+0900;createdBy8373;2024-02-22T18:29:06+0900;modifiedBy3152;2bb6325e-f3e1-4f7b-902c-21547816c837;bcca1ac5-95ba-49e7-b604-e4cf0a95f012;0c4b4e73-9b5f-459b-b0e6-cf2eba9ed880;8660
2024-02-22T18:29:06+0900;createdBy7354;2024-02-22T18:29:06+0900;modifiedBy7162;d039e17c-1417-4305-9ef2-5d11ce73f5c6;bcca1ac5-95ba-49e7-b604-e4cf0a95f121;e1be8e28-fbef-4548-a2a1-89a5f5243330;185
2024-02-22T18:29:06+0900;createdBy8740;2024-02-22T18:29:06+0900;modifiedBy8287;d30f830a-ef61-4195-8c94-e33c542ac069;bcca1ac5-95ba-49e7-b604-e4cf0a95f102;0c4b4e73-9b5f-459b-b0e6-cf2eba9ed880;7855
2024-02-22T18:29:06+0900;createdBy8346;2024-02-22T18:29:06+0900;modifiedBy8712;e14884cf-0335-4a95-b843-63aca9bb0aa0;bcca1ac5-95ba-49e7-b604-e4cf0a95f012;b37a009d-837a-4c02-bb5a-12e438c39adc;9801
2024-02-22T18:29:06+0900;createdBy7284;2024-02-22T18:29:06+0900;modifiedBy4728;f18482b8-bdc9-4a24-bbb0-a6d277750888;bcca1ac5-95ba-49e7-b604-e4cf0a95f029;a2d6ccbb-689c-435c-9106-184354af2206;2125
2024-02-22T18:29:06+0900;createdBy8041;2024-02-22T18:29:06+0900;modifiedBy799;525892a8-0003-4e85-8b7a-fa495ec758e2;bcca1ac5-95ba-49e7-b604-e4cf0a95f043;59fa0c7d-11f0-4de2-8f39-0de70326ac06;6886
2024-02-22T18:29:06+0900;createdBy5672;2024-02-22T18:29:06+0900;modifiedBy2498;d9b1591f-cb8a-49bd-9adf-27fb9a18ad4c;bcca1ac5-95ba-49e7-b604-e4cf0a95f121;1279b256-9832-4979-8207-bb9b2a01b9a2;5252
2024-02-22T18:29:06+0900;createdBy4084;2024-02-22T18:29:06+0900;modifiedBy352;df8a8506-93f7-408f-9d9d-e74be373b7fa;bcca1ac5-95ba-49e7-b604-e4cf0a95f110;46942e7b-ceaa-4d53-87a3-6c2198ccbb9b;1089
2024-02-22T18:29:06+0900;createdBy5014;2024-02-22T18:29:06+0900;modifiedBy4972;86c16f17-03c8-4cd6-a0c1-9bacae475e33;bcca1ac5-95ba-49e7-b604-e4cf0a95f039;a2d6ccbb-689c-435c-9106-184354af2206;6116
2024-02-22T18:29:06+0900;createdBy408;2024-02-22T18:29:06+0900;modifiedBy2591;daa07fa0-c4d1-47a2-a6f8-54c92971115b;bcca1ac5-95ba-49e7-b604-e4cf0a95f087;bf480e0d-b4eb-4315-8cb6-145b07635c83;9026
2024-02-22T18:29:06+0900;createdBy4099;2024-02-22T18:29:06+0900;modifiedBy6249;56c1f4bd-d4f6-46a7-ad14-a4eef0a71fdd;bcca1ac5-95ba-49e7-b604-e4cf0a95f004;3f8def8d-5ebc-4a08-9d05-a7151330c321;5877
2024-02-22T18:29:06+0900;createdBy1209;2024-02-22T18:29:06+0900;modifiedBy3084;416fe718-5e07-4f08-9653-de429efedd86;bcca1ac5-95ba-49e7-b604-e4cf0a95f064;361f9b71-da78-4e1c-8c33-69c2f8bb4819;5459
2024-02-22T18:29:06+0900;createdBy9336;2024-02-22T18:29:06+0900;modifiedBy6061;ac8aac06-5433-485c-99b5-1debf9498a20;bcca1ac5-95ba-49e7-b604-e4cf0a95f107;0c4b4e73-9b5f-459b-b0e6-cf2eba9ed880;9646
2024-02-22T18:29:06+0900;createdBy3084;2024-02-22T18:29:06+0900;modifiedBy7124;166f5219-a6be-4de0-943b-ab041be620f5;bcca1ac5-95ba-49e7-b604-e4cf0a95f108;a2d6ccbb-689c-435c-9106-184354af2206;3154
2024-02-22T18:29:06+0900;createdBy847;2024-02-22T18:29:06+0900;modifiedBy929;28bf4613-0ccc-4dc7-a708-29a605e1440f;bcca1ac5-95ba-49e7-b604-e4cf0a95f017;21ea4ee1-e19d-4fdb-baf6-251f5d98f983;5805
2024-02-22T18:29:06+0900;createdBy2329;2024-02-22T18:29:06+0900;modifiedBy518;daaa6df6-5437-419f-937e-4ad85bc8b010;bcca1ac5-95ba-49e7-b604-e4cf0a95f111;95c5d10c-86e2-40d2-b10d-a47b1aeb2f69;9509
2024-02-22T18:29:06+0900;createdBy7039;2024-02-22T18:29:06+0900;modifiedBy1790;4bf28a04-ce76-4a8d-9373-2e8864993d4c;bcca1ac5-95ba-49e7-b604-e4cf0a95f114;b37a009d-837a-4c02-bb5a-12e438c39adc;6302
2024-02-22T18:29:06+0900;createdBy5220;2024-02-22T18:29:06+0900;modifiedBy2391;0c03907d-ecc0-45c1-9ee5-b30b2490d9cd;bcca1ac5-95ba-49e7-b604-e4cf0a95f053;ca123a1f-7631-40ac-a129-c76099ad7302;9782
2024-02-22T18:29:06+0900;createdBy5498;2024-02-22T18:29:06+0900;modifiedBy2607;3c332c50-8fb6-4d32-9512-3d768d6727d0;bcca1ac5-95ba-49e7-b604-e4cf0a95f118;17d562a6-9460-41ac-8316-ef53f8774edc;3646
2024-02-22T18:29:06+0900;createdBy8954;2024-02-22T18:29:06+0900;modifiedBy3936;ae85d063-ef99-4d3d-a55f-2cc69a2aa6da;bcca1ac5-95ba-49e7-b604-e4cf0a95f109;cd576e48-2041-44cd-a564-032b5fc86407;5642
2024-02-22T18:29:06+0900;createdBy643;2024-02-22T18:29:06+0900;modifiedBy7211;4620cd6f-d31d-4eed-a2c0-921da906b808;bcca1ac5-95ba-49e7-b604-e4cf0a95f058;1c731874-30c7-4b89-ba79-ffd524e2e941;5485
2024-02-22T18:29:06+0900;createdBy6964;2024-02-22T18:29:06+0900;modifiedBy726;0cc2b4d6-96ae-431a-b5bd-aac255801f50;bcca1ac5-95ba-49e7-b604-e4cf0a95f035;cd576e48-2041-44cd-a564-032b5fc86407;3592
2024-02-22T18:29:06+0900;createdBy8695;2024-02-22T18:29:06+0900;modifiedBy7480;eb4b1a94-ff5d-4241-b341-5412162ee22d;bcca1ac5-95ba-49e7-b604-e4cf0a95f110;25ff7227-63d0-4c0f-9442-59baa234deb4;763
2024-02-22T18:29:06+0900;createdBy6219;2024-02-22T18:29:06+0900;modifiedBy9889;0ccbde0b-6948-4a53-83e3-d70b7e96f624;bcca1ac5-95ba-49e7-b604-e4cf0a95f038;25ff7227-63d0-4c0f-9442-59baa234deb4;5171
2024-02-22T18:29:06+0900;createdBy390;2024-02-22T18:29:06+0900;modifiedBy8937;5acf01e1-7ae9-43a0-aca6-0256c5a6d457;bcca1ac5-95ba-49e7-b604-e4cf0a95f111;42062c80-8391-4be4-b720-943dad110cc1;9322
2024-02-22T18:29:06+0900;createdBy6568;2024-02-22T18:29:06+0900;modifiedBy6051;cc09c82f-49d4-4e97-984d-8349986f51c1;bcca1ac5-95ba-49e7-b604-e4cf0a95f001;53a6615e-bbac-4037-9917-a44e9a62355e;5617
2024-02-22T18:29:06+0900;createdBy59;2024-02-22T18:29:06+0900;modifiedBy4111;15f6b7f8-7f9e-4328-9632-403c722242b7;bcca1ac5-95ba-49e7-b604-e4cf0a95f008;3f8def8d-5ebc-4a08-9d05-a7151330c321;1322
2024-02-22T18:29:06+0900;createdBy7773;2024-02-22T18:29:06+0900;modifiedBy1796;1e24d244-4e5d-4101-90a1-0d8b73f4e702;bcca1ac5-95ba-49e7-b604-e4cf0a95f058;e6692507-d1bf-442f-923f-b2c23b7e2013;6232
2024-02-22T18:29:06+0900;createdBy5536;2024-02-22T18:29:06+0900;modifiedBy8794;8f726fe9-5705-402f-af36-e63935db5abe;bcca1ac5-95ba-49e7-b604-e4cf0a95f013;e1be8e28-fbef-4548-a2a1-89a5f5243330;2478
2024-02-22T18:29:06+0900;createdBy162;2024-02-22T18:29:06+0900;modifiedBy4155;e756e17d-550b-4a50-b003-3ef527866d3e;bcca1ac5-95ba-49e7-b604-e4cf0a95f048;95c5d10c-86e2-40d2-b10d-a47b1aeb2f69;2015
2024-02-22T18:29:06+0900;createdBy351;2024-02-22T18:29:06+0900;modifiedBy980;69509054-8889-4e4d-98e2-23d7ea583465;bcca1ac5-95ba-49e7-b604-e4cf0a95f036;bb37f862-af8b-4b65-bf17-2a5c8e7fea63;7457
2024-02-22T18:29:06+0900;createdBy289;2024-02-22T18:29:06+0900;modifiedBy9280;54bf3835-f956-41e9-b43d-06794ad723bd;bcca1ac5-95ba-49e7-b604-e4cf0a95f012;1c731874-30c7-4b89-ba79-ffd524e2e941;2431
2024-02-22T18:29:06+0900;createdBy5072;2024-02-22T18:29:06+0900;modifiedBy6833;f37a7fd7-c742-4bc2-9a90-64ac354e5d94;bcca1ac5-95ba-49e7-b604-e4cf0a95f021;2298abb7-6b31-4cdb-9aab-2cee09e6fb7a;5251
2024-02-22T18:29:06+0900;createdBy2284;2024-02-22T18:29:06+0900;modifiedBy7692;90650e81-2739-4569-959a-48c0a16031b1;bcca1ac5-95ba-49e7-b604-e4cf0a95f105;45cc8ee2-ed77-4a80-9e43-fdca3431a884;7422
2024-02-22T18:29:06+0900;createdBy739;2024-02-22T18:29:06+0900;modifiedBy9333;8c0abd2f-ad60-464d-a3e5-264b6371cc29;bcca1ac5-95ba-49e7-b604-e4cf0a95f001;cd576e48-2041-44cd-a564-032b5fc86407;164
2024-02-22T18:29:06+0900;createdBy6269;2024-02-22T18:29:06+0900;modifiedBy6467;c7e231e7-e9d6-4f82-bc7d-373f20dd0265;bcca1ac5-95ba-49e7-b604-e4cf0a95f013;b37a009d-837a-4c02-bb5a-12e438c39adc;8390
2024-02-22T18:29:06+0900;createdBy3562;2024-02-22T18:29:06+0900;modifiedBy7034;dea55428-bdfb-4068-af17-b71165b7079e;bcca1ac5-95ba-49e7-b604-e4cf0a95f116;79e5f1c0-59a6-444d-abac-096423adf415;9734
2024-02-22T18:29:06+0900;createdBy818;2024-02-22T18:29:06+0900;modifiedBy5096;81a787f8-d920-4780-abdf-ddac5c043127;bcca1ac5-95ba-49e7-b604-e4cf0a95f025;b37a009d-837a-4c02-bb5a-12e438c39adc;9369
2024-02-22T18:29:06+0900;createdBy7949;2024-02-22T18:29:06+0900;modifiedBy2945;5b681856-48c2-40b1-800b-87125821158f;bcca1ac5-95ba-49e7-b604-e4cf0a95f052;ca123a1f-7631-40ac-a129-c76099ad7302;5222
2024-02-22T18:29:06+0900;createdBy5365;2024-02-22T18:29:06+0900;modifiedBy5049;083b2df3-b65c-4c38-9c3c-66203e55bae4;bcca1ac5-95ba-49e7-b604-e4cf0a95f110;3f8def8d-5ebc-4a08-9d05-a7151330c321;9160
2024-02-22T18:29:06+0900;createdBy6911;2024-02-22T18:29:06+0900;modifiedBy4910;3e10d1c9-46a8-4fb6-a7ed-ddd805ed95f4;bcca1ac5-95ba-49e7-b604-e4cf0a95f057;1c731874-30c7-4b89-ba79-ffd524e2e941;3702
2024-02-22T18:29:06+0900;createdBy6905;2024-02-22T18:29:06+0900;modifiedBy4549;600ee532-9f72-456b-9153-7dc8c90a908b;bcca1ac5-95ba-49e7-b604-e4cf0a95f092;bf480e0d-b4eb-4315-8cb6-145b07635c83;4401
2024-02-22T18:29:06+0900;createdBy7865;2024-02-22T18:29:06+0900;modifiedBy2542;51db8c01-3238-47c6-9480-6465b047e794;bcca1ac5-95ba-49e7-b604-e4cf0a95f082;985eb1ef-3664-458d-babc-79a95b98eaec;6976
2024-02-22T18:29:06+0900;createdBy9326;2024-02-22T18:29:06+0900;modifiedBy6570;612f5417-b88b-450c-a130-8f2ff24b5106;bcca1ac5-95ba-49e7-b604-e4cf0a95f107;f1b8ac36-569d-4ab8-89f6-4af0fc9b77d8;858
2024-02-22T18:29:06+0900;createdBy5362;2024-02-22T18:29:06+0900;modifiedBy3369;09e0a2c1-9f08-4f96-8704-07d5951fb303;bcca1ac5-95ba-49e7-b604-e4cf0a95f086;21ea4ee1-e19d-4fdb-baf6-251f5d98f983;4409
2024-02-22T18:29:06+0900;createdBy2594;2024-02-22T18:29:06+0900;modifiedBy4044;d94b0a2a-19d5-4116-94f8-00abe5921b0c;bcca1ac5-95ba-49e7-b604-e4cf0a95f035;42062c80-8391-4be4-b720-943dad110cc1;953
2024-02-22T18:29:06+0900;createdBy5335;2024-02-22T18:29:06+0900;modifiedBy9360;a7116b27-2981-486c-aee9-07a99682d51e;bcca1ac5-95ba-49e7-b604-e4cf0a95f021;1c731874-30c7-4b89-ba79-ffd524e2e941;192
2024-02-22T18:29:06+0900;createdBy2268;2024-02-22T18:29:06+0900;modifiedBy9669;4a995d12-de30-4e47-ae04-6bc4f9486123;bcca1ac5-95ba-49e7-b604-e4cf0a95f035;79e5f1c0-59a6-444d-abac-096423adf415;640
2024-02-22T18:29:06+0900;createdBy8980;2024-02-22T18:29:06+0900;modifiedBy2834;b47dda5e-37b0-4a62-a261-c6f08f08e6e4;bcca1ac5-95ba-49e7-b604-e4cf0a95f078;0c4b4e73-9b5f-459b-b0e6-cf2eba9ed880;2599
2024-02-22T18:29:06+0900;createdBy4825;2024-02-22T18:29:06+0900;modifiedBy5418;aaf8302d-f46d-4560-a767-13cf3d66f875;bcca1ac5-95ba-49e7-b604-e4cf0a95f034;452e3cd3-7a78-43b6-bcd7-db9a34bba006;5274
2024-02-22T18:29:06+0900;createdBy2462;2024-02-22T18:29:06+0900;modifiedBy8569;90889f2d-bc13-45ab-967a-fead31992fc6;bcca1ac5-95ba-49e7-b604-e4cf0a95f032;b37a009d-837a-4c02-bb5a-12e438c39adc;369
2024-02-22T18:29:06+0900;createdBy7556;2024-02-22T18:29:06+0900;modifiedBy1588;ac4af362-5557-41b9-86ac-fa91fdf96b01;bcca1ac5-95ba-49e7-b604-e4cf0a95f118;45cc8ee2-ed77-4a80-9e43-fdca3431a884;4674
2024-02-22T18:29:06+0900;createdBy6806;2024-02-22T18:29:06+0900;modifiedBy1053;fc1ddd77-5857-4a70-98ad-7ca3ecab9e5e;bcca1ac5-95ba-49e7-b604-e4cf0a95f108;ca123a1f-7631-40ac-a129-c76099ad7302;4014
2024-02-22T18:29:06+0900;createdBy6860;2024-02-22T18:29:06+0900;modifiedBy4922;b877a4e8-8d0a-4b99-b3ae-7ba6cfca0a80;bcca1ac5-95ba-49e7-b604-e4cf0a95f017;59fa0c7d-11f0-4de2-8f39-0de70326ac06;3661
2024-02-22T18:29:06+0900;createdBy4624;2024-02-22T18:29:06+0900;modifiedBy3807;2bec6881-5f33-477d-b436-53d541906c28;bcca1ac5-95ba-49e7-b604-e4cf0a95f016;759a39d8-6848-4a26-9b28-06b0b631f98e;4362
2024-02-22T18:29:06+0900;createdBy6687;2024-02-22T18:29:06+0900;modifiedBy8070;ec36104f-7d51-43e1-a66a-ed176dad934e;bcca1ac5-95ba-49e7-b604-e4cf0a95f049;e6692507-d1bf-442f-923f-b2c23b7e2013;9837
2024-02-22T18:29:06+0900;createdBy1886;2024-02-22T18:29:06+0900;modifiedBy769;c4e823e4-cec1-4a07-b408-3a9d04818eda;bcca1ac5-95ba-49e7-b604-e4cf0a95f019;452e3cd3-7a78-43b6-bcd7-db9a34bba006;756
2024-02-22T18:29:06+0900;createdBy1902;2024-02-22T18:29:06+0900;modifiedBy9019;9f246f08-5c6b-4d46-9078-46fe2230f17f;bcca1ac5-95ba-49e7-b604-e4cf0a95f063;79e5f1c0-59a6-444d-abac-096423adf415;9665
2024-02-22T18:29:06+0900;createdBy3813;2024-02-22T18:29:06+0900;modifiedBy2910;f1f611c2-b627-4ce5-abb2-358b90b736cd;bcca1ac5-95ba-49e7-b604-e4cf0a95f062;0b4a657c-6757-4e74-9c85-68bbdaa93510;4053
2024-02-22T18:29:06+0900;createdBy9904;2024-02-22T18:29:06+0900;modifiedBy9790;86cc8ecc-5882-4db1-8f37-94297c7c5b08;bcca1ac5-95ba-49e7-b604-e4cf0a95f087;42062c80-8391-4be4-b720-943dad110cc1;4932
2024-02-22T18:29:06+0900;createdBy1186;2024-02-22T18:29:06+0900;modifiedBy6262;9f30b34f-6a76-4c98-893a-5dfcb1ebeb13;bcca1ac5-95ba-49e7-b604-e4cf0a95f080;3f8def8d-5ebc-4a08-9d05-a7151330c321;7254
2024-02-22T18:29:06+0900;createdBy7923;2024-02-22T18:29:06+0900;modifiedBy2298;d6446a10-7962-4796-a8c4-ec3181cff9e2;bcca1ac5-95ba-49e7-b604-e4cf0a95f056;0b4a657c-6757-4e74-9c85-68bbdaa93510;7484
2024-02-22T18:29:06+0900;createdBy5749;2024-02-22T18:29:06+0900;modifiedBy1780;66a6af20-6130-4b30-a40a-18181ea38e12;bcca1ac5-95ba-49e7-b604-e4cf0a95f071;0b4a657c-6757-4e74-9c85-68bbdaa93510;6811
2024-02-22T18:29:06+0900;createdBy8952;2024-02-22T18:29:06+0900;modifiedBy3409;a5e8d64e-7a73-4cf9-8c1e-285ed52b42d1;bcca1ac5-95ba-49e7-b604-e4cf0a95f050;e1be8e28-fbef-4548-a2a1-89a5f5243330;8072
2024-02-22T18:29:06+0900;createdBy4412;2024-02-22T18:29:06+0900;modifiedBy6372;9b887ac5-ebbe-4bb5-a2f3-aa9100d52a2d;bcca1ac5-95ba-49e7-b604-e4cf0a95f063;45cc8ee2-ed77-4a80-9e43-fdca3431a884;9664
2024-02-22T18:29:06+0900;createdBy2848;2024-02-22T18:29:06+0900;modifiedBy3226;27b43c0f-befe-4465-bbe1-652c659edda7;bcca1ac5-95ba-49e7-b604-e4cf0a95f085;53a6615e-bbac-4037-9917-a44e9a62355e;6540
2024-02-22T18:29:06+0900;createdBy1082;2024-02-22T18:29:06+0900;modifiedBy3981;2fa1c734-c3ec-4b83-831d-3cac1b2330a6;bcca1ac5-95ba-49e7-b604-e4cf0a95f100;17d562a6-9460-41ac-8316-ef53f8774edc;4366
2024-02-22T18:29:06+0900;createdBy6735;2024-02-22T18:29:06+0900;modifiedBy3733;9dfbafbb-9be6-420e-ac9c-977d733dd2ef;bcca1ac5-95ba-49e7-b604-e4cf0a95f119;17d562a6-9460-41ac-8316-ef53f8774edc;4793
2024-02-22T18:29:06+0900;createdBy7118;2024-02-22T18:29:06+0900;modifiedBy1773;b8fe0e3d-4261-449d-80eb-3eaaa5c48bac;bcca1ac5-95ba-49e7-b604-e4cf0a95f091;36ac74bc-edb3-4322-9a3c-0ab517bc9270;9104
2024-02-22T18:29:06+0900;createdBy3100;2024-02-22T18:29:06+0900;modifiedBy9287;6ffcb31e-0d00-452d-952d-1c3dc5d4de7c;bcca1ac5-95ba-49e7-b604-e4cf0a95f055;985eb1ef-3664-458d-babc-79a95b98eaec;2363
2024-02-22T18:29:06+0900;createdBy1642;2024-02-22T18:29:06+0900;modifiedBy7624;165b83ae-edf0-48bb-83aa-1b8650a6e9ae;bcca1ac5-95ba-49e7-b604-e4cf0a95f063;0c4b4e73-9b5f-459b-b0e6-cf2eba9ed880;2090
2024-02-22T18:29:06+0900;createdBy1001;2024-02-22T18:29:06+0900;modifiedBy7129;30f1758c-ff34-4208-ae33-0ea52310f99a;bcca1ac5-95ba-49e7-b604-e4cf0a95f058;17d562a6-9460-41ac-8316-ef53f8774edc;7204
2024-02-22T18:29:06+0900;createdBy6902;2024-02-22T18:29:06+0900;modifiedBy5686;ff43b3e0-bfcc-4fa9-a755-f44d4f0175df;bcca1ac5-95ba-49e7-b604-e4cf0a95f107;3f8def8d-5ebc-4a08-9d05-a7151330c321;175
2024-02-22T18:29:06+0900;createdBy2463;2024-02-22T18:29:06+0900;modifiedBy9715;d83f586a-c69c-4745-a80f-a67cf3c7413b;bcca1ac5-95ba-49e7-b604-e4cf0a95f103;45cc8ee2-ed77-4a80-9e43-fdca3431a884;2984
2024-02-22T18:29:06+0900;createdBy2912;2024-02-22T18:29:06+0900;modifiedBy786;0dc68095-ef35-4ecf-a3aa-fb5f8000cc24;bcca1ac5-95ba-49e7-b604-e4cf0a95f010;36ac74bc-edb3-4322-9a3c-0ab517bc9270;6928
2024-02-22T18:29:06+0900;createdBy7666;2024-02-22T18:29:06+0900;modifiedBy8849;d3ba5947-d7f5-4d00-8c1e-1b3880ed0bab;bcca1ac5-95ba-49e7-b604-e4cf0a95f058;17d562a6-9460-41ac-8316-ef53f8774edc;7254
2024-02-22T18:29:06+0900;createdBy5876;2024-02-22T18:29:06+0900;modifiedBy1971;ffa639df-dd59-4a66-957a-3546f6f5f52e;bcca1ac5-95ba-49e7-b604-e4cf0a95f105;985eb1ef-3664-458d-babc-79a95b98eaec;7802
2024-02-22T18:29:06+0900;createdBy4139;2024-02-22T18:29:06+0900;modifiedBy5605;91f08fc8-38b1-4b83-83b9-723aa7666927;bcca1ac5-95ba-49e7-b604-e4cf0a95f093;bf480e0d-b4eb-4315-8cb6-145b07635c83;2900
2024-02-22T18:29:06+0900;createdBy7136;2024-02-22T18:29:06+0900;modifiedBy9503;6f1d94a3-806f-4857-80af-864669b5ccda;bcca1ac5-95ba-49e7-b604-e4cf0a95f069;759a39d8-6848-4a26-9b28-06b0b631f98e;6581
2024-02-22T18:29:06+0900;createdBy653;2024-02-22T18:29:06+0900;modifiedBy8170;891d77e6-ad04-414c-8826-53446b8bbf02;bcca1ac5-95ba-49e7-b604-e4cf0a95f096;25ff7227-63d0-4c0f-9442-59baa234deb4;4430
2024-02-22T18:29:06+0900;createdBy848;2024-02-22T18:29:06+0900;modifiedBy4568;d5413924-8543-4f83-94e0-79375ce25d9c;bcca1ac5-95ba-49e7-b604-e4cf0a95f001;42062c80-8391-4be4-b720-943dad110cc1;8474
2024-02-22T18:29:06+0900;createdBy1778;2024-02-22T18:29:06+0900;modifiedBy8980;175b7ab2-01df-42d9-b92d-1584bf543e83;bcca1ac5-95ba-49e7-b604-e4cf0a95f083;e6692507-d1bf-442f-923f-b2c23b7e2013;8022
2024-02-22T18:29:06+0900;createdBy4743;2024-02-22T18:29:06+0900;modifiedBy7770;7b9eca30-8ef4-44e3-8204-087f813c44e3;bcca1ac5-95ba-49e7-b604-e4cf0a95f046;cd576e48-2041-44cd-a564-032b5fc86407;2608
2024-02-22T18:29:06+0900;createdBy6741;2024-02-22T18:29:06+0900;modifiedBy1912;9dafa204-84b4-43a3-8f7b-09c9a1a3bdae;bcca1ac5-95ba-49e7-b604-e4cf0a95f043;25ff7227-63d0-4c0f-9442-59baa234deb4;6163
2024-02-22T18:29:06+0900;createdBy157;2024-02-22T18:29:06+0900;modifiedBy723;9e32d643-ff3b-4b8c-9dec-2270b684e5b3;bcca1ac5-95ba-49e7-b604-e4cf0a95f051;0c4b4e73-9b5f-459b-b0e6-cf2eba9ed880;2663
2024-02-22T18:29:06+0900;createdBy4044;2024-02-22T18:29:06+0900;modifiedBy3602;ca716e78-7bfa-413b-aea0-42dcf8619c9b;bcca1ac5-95ba-49e7-b604-e4cf0a95f004;46942e7b-ceaa-4d53-87a3-6c2198ccbb9b;7292
2024-02-22T18:29:06+0900;createdBy5912;2024-02-22T18:29:06+0900;modifiedBy3080;b9c75cad-3dc1-407b-a3c4-af179799a280;bcca1ac5-95ba-49e7-b604-e4cf0a95f118;f1b8ac36-569d-4ab8-89f6-4af0fc9b77d8;3641
2024-02-22T18:29:06+0900;createdBy1233;2024-02-22T18:29:06+0900;modifiedBy2233;94b3c4ac-db87-4197-a57b-57421af0341b;bcca1ac5-95ba-49e7-b604-e4cf0a95f033;cd576e48-2041-44cd-a564-032b5fc86407;5626
2024-02-22T18:29:06+0900;createdBy1602;2024-02-22T18:29:06+0900;modifiedBy4042;0eba11c2-a6ec-4ebb-bc8d-0aa5375032c3;bcca1ac5-95ba-49e7-b604-e4cf0a95f069;46942e7b-ceaa-4d53-87a3-6c2198ccbb9b;5987
2024-02-22T18:29:06+0900;createdBy5587;2024-02-22T18:29:06+0900;modifiedBy8486;7d20d5ce-d25a-45ad-9c1c-e364dc75d9d3;bcca1ac5-95ba-49e7-b604-e4cf0a95f012;17d562a6-9460-41ac-8316-ef53f8774edc;1875
2024-02-22T18:29:06+0900;createdBy207;2024-02-22T18:29:06+0900;modifiedBy3676;7b6debbf-dc10-4d77-aeae-82608877dbc0;bcca1ac5-95ba-49e7-b604-e4cf0a95f058;1279b256-9832-4979-8207-bb9b2a01b9a2;5680
2024-02-22T18:29:06+0900;createdBy459;2024-02-22T18:29:06+0900;modifiedBy4063;aa4aca0a-c336-4a29-ace1-cc2dc55648a3;bcca1ac5-95ba-49e7-b604-e4cf0a95f014;cd576e48-2041-44cd-a564-032b5fc86407;6794
2024-02-22T18:29:06+0900;createdBy1414;2024-02-22T18:29:06+0900;modifiedBy1746;419b6ff2-1c2e-429b-8fc2-b474170bcf0f;bcca1ac5-95ba-49e7-b604-e4cf0a95f090;36ac74bc-edb3-4322-9a3c-0ab517bc9270;1865
2024-02-22T18:29:06+0900;createdBy9659;2024-02-22T18:29:06+0900;modifiedBy5564;953a1319-41dd-46f6-9122-053a5615151c;bcca1ac5-95ba-49e7-b604-e4cf0a95f049;452e3cd3-7a78-43b6-bcd7-db9a34bba006;3836
2024-02-22T18:29:06+0900;createdBy2323;2024-02-22T18:29:06+0900;modifiedBy6748;d68fe97b-8479-4506-98eb-27a28b9e87d1;bcca1ac5-95ba-49e7-b604-e4cf0a95f044;0c4b4e73-9b5f-459b-b0e6-cf2eba9ed880;9820
2024-02-22T18:29:06+0900;createdBy4165;2024-02-22T18:29:06+0900;modifiedBy7907;5f41aac6-c2c8-4692-b89b-e87aae0f4c42;bcca1ac5-95ba-49e7-b604-e4cf0a95f048;cd576e48-2041-44cd-a564-032b5fc86407;2414
2024-02-22T18:29:06+0900;createdBy8608;2024-02-22T18:29:06+0900;modifiedBy1283;78243bc3-b1dd-487d-b4e1-12d553d97bc6;bcca1ac5-95ba-49e7-b604-e4cf0a95f091;46942e7b-ceaa-4d53-87a3-6c2198ccbb9b;9005
2024-02-22T18:29:06+0900;createdBy7588;2024-02-22T18:29:06+0900;modifiedBy5070;58f39181-b8ca-4b2c-983f-a3d7b1facaaf;bcca1ac5-95ba-49e7-b604-e4cf0a95f004;46942e7b-ceaa-4d53-87a3-6c2198ccbb9b;5892
2024-02-22T18:29:06+0900;createdBy6546;2024-02-22T18:29:06+0900;modifiedBy1027;12649803-3a98-469f-b425-28b03aa642f2;bcca1ac5-95ba-49e7-b604-e4cf0a95f081;42062c80-8391-4be4-b720-943dad110cc1;8206
2024-02-22T18:29:06+0900;createdBy9127;2024-02-22T18:29:06+0900;modifiedBy2978;8dd50d9a-2fee-4df9-96aa-4987158c1f66;bcca1ac5-95ba-49e7-b604-e4cf0a95f065;0b4a657c-6757-4e74-9c85-68bbdaa93510;7808
2024-02-22T18:29:06+0900;createdBy4556;2024-02-22T18:29:06+0900;modifiedBy8927;1f530db0-bc27-4d7a-bc81-c763d8e5cbee;bcca1ac5-95ba-49e7-b604-e4cf0a95f055;cd576e48-2041-44cd-a564-032b5fc86407;2337
2024-02-22T18:29:06+0900;createdBy1705;2024-02-22T18:29:06+0900;modifiedBy1679;c2a7fa9e-c669-4b09-82ae-8bcd9209dbca;bcca1ac5-95ba-49e7-b604-e4cf0a95f105;46942e7b-ceaa-4d53-87a3-6c2198ccbb9b;674
2024-02-22T18:29:06+0900;createdBy4269;2024-02-22T18:29:06+0900;modifiedBy5827;f71d8179-2a46-49c7-9134-a467bbcc0000;bcca1ac5-95ba-49e7-b604-e4cf0a95f116;46942e7b-ceaa-4d53-87a3-6c2198ccbb9b;8355
2024-02-22T18:29:06+0900;createdBy6151;2024-02-22T18:29:06+0900;modifiedBy3011;c00ee4c7-c503-4ed7-bf48-8c8fdadf2cd4;bcca1ac5-95ba-49e7-b604-e4cf0a95f106;1c731874-30c7-4b89-ba79-ffd524e2e941;8647
2024-02-22T18:29:06+0900;createdBy7618;2024-02-22T18:29:06+0900;modifiedBy214;08a204d8-5218-4d55-a9a9-f6266ecb19de;bcca1ac5-95ba-49e7-b604-e4cf0a95f018;0b4a657c-6757-4e74-9c85-68bbdaa93510;9102
2024-02-22T18:29:06+0900;createdBy4143;2024-02-22T18:29:06+0900;modifiedBy4090;a68d4db1-2c8d-4255-aaf0-7d4c9aaae481;bcca1ac5-95ba-49e7-b604-e4cf0a95f034;1279b256-9832-4979-8207-bb9b2a01b9a2;2819
2024-02-22T18:29:06+0900;createdBy9369;2024-02-22T18:29:06+0900;modifiedBy3826;8f738cd6-fd54-4588-94af-5cbaffa3e5b8;bcca1ac5-95ba-49e7-b604-e4cf0a95f103;0c4b4e73-9b5f-459b-b0e6-cf2eba9ed880;2788
2024-02-22T18:29:06+0900;createdBy7458;2024-02-22T18:29:06+0900;modifiedBy464;045e12a4-93a8-45f4-9f86-05bd57e01f21;bcca1ac5-95ba-49e7-b604-e4cf0a95f111;ca123a1f-7631-40ac-a129-c76099ad7302;5806
2024-02-22T18:29:06+0900;createdBy831;2024-02-22T18:29:06+0900;modifiedBy5404;99fa0109-a0dc-489e-9e64-650ee5bede43;bcca1ac5-95ba-49e7-b604-e4cf0a95f020;e1be8e28-fbef-4548-a2a1-89a5f5243330;2417
2024-02-22T18:29:06+0900;createdBy4725;2024-02-22T18:29:06+0900;modifiedBy6273;64b7790c-420f-4a05-a9df-bd89612640e5;bcca1ac5-95ba-49e7-b604-e4cf0a95f038;53a6615e-bbac-4037-9917-a44e9a62355e;9081
2024-02-22T18:29:06+0900;createdBy3481;2024-02-22T18:29:06+0900;modifiedBy6866;b7a115f4-37e0-4da7-8f28-91d62fb02ea0;bcca1ac5-95ba-49e7-b604-e4cf0a95f039;e6692507-d1bf-442f-923f-b2c23b7e2013;9846
2024-02-22T18:29:06+0900;createdBy9781;2024-02-22T18:29:06+0900;modifiedBy641;e0661356-cae0-48ab-a287-dbc6b263a527;bcca1ac5-95ba-49e7-b604-e4cf0a95f013;45cc8ee2-ed77-4a80-9e43-fdca3431a884;2448
2024-02-22T18:29:06+0900;createdBy9778;2024-02-22T18:29:06+0900;modifiedBy6559;5754b546-f65b-4ee8-8d39-acf335b729f5;bcca1ac5-95ba-49e7-b604-e4cf0a95f035;ca123a1f-7631-40ac-a129-c76099ad7302;3488
2024-02-22T18:29:06+0900;createdBy4543;2024-02-22T18:29:06+0900;modifiedBy2798;bb28e49f-1a6a-4a51-80a9-fe271155278f;bcca1ac5-95ba-49e7-b604-e4cf0a95f014;46942e7b-ceaa-4d53-87a3-6c2198ccbb9b;8236
2024-02-22T18:29:06+0900;createdBy6402;2024-02-22T18:29:06+0900;modifiedBy2378;a357b66c-2f8e-4d2a-abfa-808d8e82c4e1;bcca1ac5-95ba-49e7-b604-e4cf0a95f053;1279b256-9832-4979-8207-bb9b2a01b9a2;9129
2024-02-22T18:29:06+0900;createdBy8588;2024-02-22T18:29:06+0900;modifiedBy9733;ebd196a2-40e6-449f-a458-cc1e92e4c323;bcca1ac5-95ba-49e7-b604-e4cf0a95f010;46942e7b-ceaa-4d53-87a3-6c2198ccbb9b;473
2024-02-22T18:29:06+0900;createdBy6856;2024-02-22T18:29:06+0900;modifiedBy6109;cc31a151-fac6-43af-8aef-610efc6d1a9c;bcca1ac5-95ba-49e7-b604-e4cf0a95f006;21ea4ee1-e19d-4fdb-baf6-251f5d98f983;213
2024-02-22T18:29:06+0900;createdBy5085;2024-02-22T18:29:06+0900;modifiedBy3386;49dbaeed-9019-4a7d-a85c-013275191d31;bcca1ac5-95ba-49e7-b604-e4cf0a95f097;bf480e0d-b4eb-4315-8cb6-145b07635c83;7508
2024-02-22T18:29:06+0900;createdBy8443;2024-02-22T18:29:06+0900;modifiedBy2214;ab48ecf3-02d5-4212-b469-b2f28087d36e;bcca1ac5-95ba-49e7-b604-e4cf0a95f107;ca123a1f-7631-40ac-a129-c76099ad7302;8635
2024-02-22T18:29:06+0900;createdBy9197;2024-02-22T18:29:06+0900;modifiedBy1774;12c9c2cb-d48c-49e7-945f-2e48c49d1175;bcca1ac5-95ba-49e7-b604-e4cf0a95f059;759a39d8-6848-4a26-9b28-06b0b631f98e;9786
2024-02-22T18:29:06+0900;createdBy3309;2024-02-22T18:29:06+0900;modifiedBy3334;cd5c33c6-e09e-4fad-8cec-58cdcd2327c8;bcca1ac5-95ba-49e7-b604-e4cf0a95f010;0c4b4e73-9b5f-459b-b0e6-cf2eba9ed880;5125
2024-02-22T18:29:06+0900;createdBy5743;2024-02-22T18:29:06+0900;modifiedBy3958;e4bb4e50-e718-4298-af8d-0fed40920346;bcca1ac5-95ba-49e7-b604-e4cf0a95f077;25ff7227-63d0-4c0f-9442-59baa234deb4;8306
2024-02-22T18:29:06+0900;createdBy2708;2024-02-22T18:29:06+0900;modifiedBy8896;57bdffc7-3803-4b69-b0e1-8d6a0051f44c;bcca1ac5-95ba-49e7-b604-e4cf0a95f082;361f9b71-da78-4e1c-8c33-69c2f8bb4819;498
2024-02-22T18:29:06+0900;createdBy8918;2024-02-22T18:29:06+0900;modifiedBy993;81d27156-8ec0-48fc-87c4-8799c77c73f3;bcca1ac5-95ba-49e7-b604-e4cf0a95f012;bf480e0d-b4eb-4315-8cb6-145b07635c83;7067
2024-02-22T18:29:06+0900;createdBy6181;2024-02-22T18:29:06+0900;modifiedBy4359;7e49fe8f-d374-4b82-aa8d-041e222da33b;bcca1ac5-95ba-49e7-b604-e4cf0a95f049;21ea4ee1-e19d-4fdb-baf6-251f5d98f983;6316
2024-02-22T18:29:06+0900;createdBy6778;2024-02-22T18:29:06+0900;modifiedBy1989;f0c0ddf9-3d79-4c87-a718-e24ca4a04dab;bcca1ac5-95ba-49e7-b604-e4cf0a95f045;1279b256-9832-4979-8207-bb9b2a01b9a2;8612
2024-02-22T18:29:06+0900;createdBy7972;2024-02-22T18:29:06+0900;modifiedBy8748;81be8614-b851-4b61-9000-90b1e1c35c7b;bcca1ac5-95ba-49e7-b604-e4cf0a95f023;46942e7b-ceaa-4d53-87a3-6c2198ccbb9b;9971
2024-02-22T18:29:06+0900;createdBy4991;2024-02-22T18:29:06+0900;modifiedBy3837;1ebdd74e-4862-4ef8-b5ef-fcea659d8b10;bcca1ac5-95ba-49e7-b604-e4cf0a95f014;cd576e48-2041-44cd-a564-032b5fc86407;46
2024-02-22T18:29:06+0900;createdBy5892;2024-02-22T18:29:06+0900;modifiedBy7974;8978824e-4e77-483e-a245-2408a1bba356;bcca1ac5-95ba-49e7-b604-e4cf0a95f032;f1b8ac36-569d-4ab8-89f6-4af0fc9b77d8;2003
2024-02-22T18:29:06+0900;createdBy6952;2024-02-22T18:29:06+0900;modifiedBy4463;708c135d-d9a2-4a01-930a-985f3289f0fc;bcca1ac5-95ba-49e7-b604-e4cf0a95f110;3f8def8d-5ebc-4a08-9d05-a7151330c321;5747
2024-02-22T18:29:06+0900;createdBy8855;2024-02-22T18:29:06+0900;modifiedBy8400;991f473b-8883-4f72-ac2a-8f99359c15f0;bcca1ac5-95ba-49e7-b604-e4cf0a95f076;cd576e48-2041-44cd-a564-032b5fc86407;7725
2024-02-22T18:29:06+0900;createdBy5215;2024-02-22T18:29:06+0900;modifiedBy5835;92dc7325-fa2d-43b8-83f9-ff1ccd20597a;bcca1ac5-95ba-49e7-b604-e4cf0a95f051;f1b8ac36-569d-4ab8-89f6-4af0fc9b77d8;441
2024-02-22T18:29:06+0900;createdBy3252;2024-02-22T18:29:06+0900;modifiedBy5096;a69c63ad-5181-4038-9e08-f6133a134bdd;bcca1ac5-95ba-49e7-b604-e4cf0a95f110;e1be8e28-fbef-4548-a2a1-89a5f5243330;8334
2024-02-22T18:29:06+0900;createdBy6857;2024-02-22T18:29:06+0900;modifiedBy4032;b6d193f7-3b21-4c57-99c9-37ce917b7431;bcca1ac5-95ba-49e7-b604-e4cf0a95f045;1c731874-30c7-4b89-ba79-ffd524e2e941;9347
2024-02-22T18:29:06+0900;createdBy6967;2024-02-22T18:29:06+0900;modifiedBy3350;4c626875-1678-49fb-a3e4-d51f1f328698;bcca1ac5-95ba-49e7-b604-e4cf0a95f072;452e3cd3-7a78-43b6-bcd7-db9a34bba006;9422
2024-02-22T18:29:06+0900;createdBy781;2024-02-22T18:29:06+0900;modifiedBy1538;a6af9db4-97e4-4f01-b088-d517890c0d8f;bcca1ac5-95ba-49e7-b604-e4cf0a95f111;1c731874-30c7-4b89-ba79-ffd524e2e941;789