createdAt;createdBy;modifiedAt;modifiedBy;ID;Location;Name
2024-02-22T18:28:55+0900;createdBy4162;2024-02-22T18:28:55+0900;modifiedBy365;59fa0c7d-11f0-4de2-8f39-0de70326ac06;Location6508;Name2046
2024-02-22T18:28:55+0900;createdBy333;2024-02-22T18:28:55+0900;modifiedBy9678;79e5f1c0-59a6-444d-abac-096423adf415;Location7125;Name5189
2024-02-22T18:28:55+0900;createdBy4998;2024-02-22T18:28:55+0900;modifiedBy1177;36ac74bc-edb3-4322-9a3c-0ab517bc9270;Location4410;Name9846
2024-02-22T18:28:55+0900;createdBy5546;2024-02-22T18:28:55+0900;modifiedBy5204;1279b256-9832-4979-8207-bb9b2a01b9a2;Location4468;Name8595
2024-02-22T18:28:55+0900;createdBy4003;2024-02-22T18:28:55+0900;modifiedBy640;361f9b71-da78-4e1c-8c33-69c2f8bb4819;Location5044;Name6043
2024-02-22T18:28:55+0900;createdBy625;2024-02-22T18:28:55+0900;modifiedBy8316;0b4a657c-6757-4e74-9c85-68bbdaa93510;Location6043;Name6978
2024-02-22T18:28:55+0900;createdBy8772;2024-02-22T18:28:55+0900;modifiedBy996;45cc8ee2-ed77-4a80-9e43-fdca3431a884;Location6104;Name3673
2024-02-22T18:28:55+0900;createdBy7810;2024-02-22T18:28:55+0900;modifiedBy8204;452e3cd3-7a78-43b6-bcd7-db9a34bba006;Location524;Name6949
2024-02-22T18:28:55+0900;createdBy5569;2024-02-22T18:28:55+0900;modifiedBy7598;25ff7227-63d0-4c0f-9442-59baa234deb4;Location4059;Name5093
2024-02-22T18:28:55+0900;createdBy3608;2024-02-22T18:28:55+0900;modifiedBy8227;ca123a1f-7631-40ac-a129-c76099ad7302;Location8723;Name1292
2024-02-22T18:28:55+0900;createdBy8285;2024-02-22T18:28:55+0900;modifiedBy8667;21ea4ee1-e19d-4fdb-baf6-251f5d98f983;Location646;Name8672
2024-02-22T18:28:55+0900;createdBy9581;2024-02-22T18:28:55+0900;modifiedBy3644;42062c80-8391-4be4-b720-943dad110cc1;Location993;Name3363
2024-02-22T18:28:55+0900;createdBy2402;2024-02-22T18:28:55+0900;modifiedBy6361;e6692507-d1bf-442f-923f-b2c23b7e2013;Location8700;Name902
2024-02-22T18:28:55+0900;createdBy3511;2024-02-22T18:28:55+0900;modifiedBy2239;f1b8ac36-569d-4ab8-89f6-4af0fc9b77d8;Location8148;Name9911
2024-02-22T18:28:55+0900;createdBy17;2024-02-22T18:28:55+0900;modifiedBy4819;0c4b4e73-9b5f-459b-b0e6-cf2eba9ed880;Location6123;Name4500
2024-02-22T18:28:55+0900;createdBy3216;2024-02-22T18:28:55+0900;modifiedBy5769;e1be8e28-fbef-4548-a2a1-89a5f5243330;Location1961;Name1206
2024-02-22T18:28:55+0900;createdBy5365;2024-02-22T18:28:55+0900;modifiedBy3066;759a39d8-6848-4a26-9b28-06b0b631f98e;Location689;Name5084
2024-02-22T18:28:55+0900;createdBy9002;2024-02-22T18:28:55+0900;modifiedBy541;985eb1ef-3664-458d-babc-79a95b98eaec;Location1360;Name5121
2024-02-22T18:28:55+0900;createdBy9579;2024-02-22T18:28:55+0900;modifiedBy67;95c5d10c-86e2-40d2-b10d-a47b1aeb2f69;Location8904;Name366
2024-02-22T18:28:55+0900;createdBy2543;2024-02-22T18:28:55+0900;modifiedBy7954;1c731874-30c7-4b89-ba79-ffd524e2e941;Location2339;Name1268
2024-02-22T18:28:55+0900;createdBy3296;2024-02-22T18:28:55+0900;modifiedBy9220;46942e7b-ceaa-4d53-87a3-6c2198ccbb9b;Location5618;Name6582
2024-02-22T18:28:55+0900;createdBy8387;2024-02-22T18:28:55+0900;modifiedBy5354;bf480e0d-b4eb-4315-8cb6-145b07635c83;Location968;Name8421
2024-02-22T18:28:55+0900;createdBy2363;2024-02-22T18:28:55+0900;modifiedBy6714;cd576e48-2041-44cd-a564-032b5fc86407;Location9639;Name7181
2024-02-22T18:28:55+0900;createdBy6422;2024-02-22T18:28:55+0900;modifiedBy1730;a2d6ccbb-689c-435c-9106-184354af2206;Location1525;Name6857
2024-02-22T18:28:55+0900;createdBy2944;2024-02-22T18:28:55+0900;modifiedBy3496;3f8def8d-5ebc-4a08-9d05-a7151330c321;Location9573;Name7481
2024-02-22T18:28:55+0900;createdBy2910;2024-02-22T18:28:55+0900;modifiedBy610;53a6615e-bbac-4037-9917-a44e9a62355e;Location2663;Name584
2024-02-22T18:28:55+0900;createdBy496;2024-02-22T18:28:55+0900;modifiedBy1866;2298abb7-6b31-4cdb-9aab-2cee09e6fb7a;Location9723;Name3108
2024-02-22T18:28:55+0900;createdBy4554;2024-02-22T18:28:55+0900;modifiedBy7620;b37a009d-837a-4c02-bb5a-12e438c39adc;Location3973;Name5623
2024-02-22T18:28:55+0900;createdBy5876;2024-02-22T18:28:55+0900;modifiedBy6265;bb37f862-af8b-4b65-bf17-2a5c8e7fea63;Location6043;Name8527
2024-02-22T18:28:55+0900;createdBy2364;2024-02-22T18:28:55+0900;modifiedBy2930;17d562a6-9460-41ac-8316-ef53f8774edc;Location3079;Name1732